{
  "output" : {
    "filename" : "test0.hdr"
  },
  "sampler" : {
    "type" : "independent",
    "xSamples" : 4,
    "ySamples" : 4
  },
  "camera" : {
    "type" : "pinhole",
    "transform" : {
      "position" : [0, 2, 5],
      "up" : [0, 1, 0],
      "lookAt" : [0, 0, 0]
    },
    "tNear" : 0.1,
    "tFar" : 10000,
    "verticalFov" : 45,
    "timeStart" : 0,
    "timeEnd" : 0,
    "film" : {
      "size" : [1200, 800]
    }
  },
  "integrator" : {
    "type" : "directSampleLight"
  },
  "scene" : {
    "shapes" : [
      {
        "type" : "parallelogram",
        "base" : [-10, 0, -10],
        "edge1" : [20, 0, 0],
        "edge0" : [0, 0, 20],
        "material" : {
          "type" : "matte",
          "albedo" : [0.5, 0.5, 0.5]
        }
      },
      {
        "type" : "sphere",
        "center" : [0, 0.5, 0],
        "radius" : 0.49,
        "material" : {
          "type" : "matte",
          "albedo" : [0.2, 0.5, 0.5]
        }
      }
    ],
    "lights" : [
      {
        "type" : "spotLight",
        "position" : [3, 2, 0],
        "energy" : [25, 25, 25]
      },
      {
        "type" : "spotLight",
        "position" : [-3, 2, 0],
        "energy" : [25, 25, 25]
      }
    ]
  }
}